date,Unnamed: 0,impressions,date,reach,comments,likes
2021-02-07,0,1438,2021-02-07,1294,0.0,0.0
2021-02-08,1,1195,2021-02-08,1078,0.0,0.0
2021-02-09,2,451,2021-02-09,348,0.0,0.0
2021-02-10,3,108,2021-02-10,99,0.0,0.0
2021-02-11,4,163,2021-02-11,31,0.0,0.0
2021-02-12,5,915,2021-02-12,837,0.0,0.0
2021-02-13,6,578,2021-02-13,480,0.0,0.0
2021-02-15,9,97,2021-02-15,52,0.0,0.0
2021-02-16,10,649,2021-02-16,431,0.0,0.0
2021-02-17,11,84,2021-02-17,65,0.0,0.0
2021-02-18,12,54,2021-02-18,27,0.0,0.0
2021-02-19,13,44,2021-02-19,26,0.0,0.0
2021-02-20,14,53,2021-02-20,22,0.0,0.0
2021-02-22,17,56,2021-02-22,26,0.0,0.0
2021-02-23,18,349,2021-02-23,36,0.0,0.0
2021-02-24,19,86,2021-02-24,40,0.0,0.0
2021-02-25,20,39,2021-02-25,21,0.0,0.0
2021-02-26,21,1203,2021-02-26,1147,0.0,0.0
2021-02-27,22,237,2021-02-27,185,0.0,0.0
2021-03-01,25,47,2021-03-01,37,0.0,0.0
2021-03-02,26,29,2021-03-02,17,0.0,0.0
2021-03-03,27,43,2021-03-03,30,0.0,0.0
2021-03-04,28,98,2021-03-04,28,0.0,0.0
2021-03-05,29,35,2021-03-05,16,0.0,0.0
2021-03-06,30,309,2021-03-06,18,0.0,0.0
2021-03-08,33,1063,2021-03-08,1001,0.0,0.0
2021-03-09,34,347,2021-03-09,259,0.0,0.0
2021-03-10,35,946,2021-03-10,810,0.0,0.0
2021-03-11,36,301,2021-03-11,196,0.0,0.0
2021-03-12,37,642,2021-03-12,524,0.0,0.0
2021-03-13,38,224,2021-03-13,189,0.0,0.0
2021-03-15,41,1254,2021-03-15,1090,0.0,0.0
2021-03-16,42,242,2021-03-16,183,0.0,0.0
2021-03-17,43,174,2021-03-17,51,0.0,0.0
2021-03-18,44,45,2021-03-18,31,0.0,0.0
2021-03-19,45,144,2021-03-19,27,0.0,0.0
2021-03-20,46,107,2021-03-20,28,0.0,0.0
2021-03-22,49,65,2021-03-22,38,0.0,0.0
2021-03-23,50,29,2021-03-23,23,0.0,0.0
2021-03-24,51,103,2021-03-24,21,0.0,0.0
2021-03-25,52,928,2021-03-25,770,0.0,0.0
2021-03-26,53,204,2021-03-26,169,0.0,0.0
2021-03-27,54,120,2021-03-27,59,0.0,0.0
2021-03-29,57,49,2021-03-29,20,0.0,0.0
2021-03-30,58,38,2021-03-30,33,0.0,0.0
2021-03-31,59,49,2021-03-31,21,0.0,0.0
2021-04-01,60,111,2021-04-01,100,0.0,0.0
2021-04-02,61,890,2021-04-02,794,0.0,0.0
2021-04-03,62,197,2021-04-03,173,0.0,0.0
2021-04-05,65,53,2021-04-05,26,0.0,0.0
2021-04-06,66,94,2021-04-06,32,0.0,0.0
2021-04-07,67,65,2021-04-07,23,0.0,0.0
2021-04-08,68,103,2021-04-08,37,0.0,0.0
2021-04-09,69,48,2021-04-09,25,0.0,0.0
2021-04-10,70,454,2021-04-10,374,0.0,0.0
2021-04-12,73,79,2021-04-12,24,0.0,0.0
2021-04-13,74,546,2021-04-13,465,0.0,0.0
2021-04-14,75,162,2021-04-14,142,0.0,0.0
2021-04-15,76,143,2021-04-15,92,0.0,0.0
2021-04-16,77,61,2021-04-16,39,0.0,0.0
2021-04-17,78,43,2021-04-17,27,0.0,0.0
2021-04-19,81,74,2021-04-19,29,0.0,0.0
2021-04-20,82,987,2021-04-20,781,0.0,0.0
2021-04-21,83,670,2021-04-21,273,0.0,0.0
2021-04-22,84,814,2021-04-22,635,0.0,0.0
2021-04-23,85,1384,2021-04-23,1207,0.0,0.0
2021-04-24,86,468,2021-04-24,356,0.0,0.0
2021-04-26,89,102,2021-04-26,44,0.0,0.0
2021-04-27,90,137,2021-04-27,30,0.0,0.0
2021-04-28,91,233,2021-04-28,197,0.0,0.0
2021-04-29,92,1478,2021-04-29,1131,0.0,0.0
2021-04-30,93,126,2021-04-30,115,0.0,0.0
2021-05-01,94,68,2021-05-01,37,0.0,0.0
2021-05-03,97,3035,2021-05-03,2704,0.0,0.0
2021-05-04,98,485,2021-05-04,374,0.0,0.0
2021-05-05,99,581,2021-05-05,546,0.0,0.0
2021-05-06,100,1885,2021-05-06,1376,0.0,0.0
2021-05-07,101,533,2021-05-07,384,0.0,0.0
2021-05-08,102,107,2021-05-08,47,0.0,0.0
2021-05-10,105,38,2021-05-10,23,0.0,0.0
2021-05-11,106,39,2021-05-11,22,0.0,0.0
2021-05-12,107,44,2021-05-12,14,0.0,0.0
2021-05-13,108,107,2021-05-13,60,0.0,0.0
2021-05-14,109,125,2021-05-14,24,0.0,0.0
2021-05-15,110,50,2021-05-15,21,0.0,0.0
2021-05-17,113,1341,2021-05-17,934,0.0,0.0
2021-05-18,114,429,2021-05-18,309,0.0,0.0
2021-05-19,115,135,2021-05-19,73,0.0,0.0
2021-05-20,116,1023,2021-05-20,713,0.0,0.0
2021-05-21,117,237,2021-05-21,208,0.0,0.0
2021-05-22,118,77,2021-05-22,66,0.0,0.0
2021-05-24,121,1510,2021-05-24,754,0.0,0.0
2021-05-25,122,626,2021-05-25,474,0.0,0.0
2021-05-26,123,115,2021-05-26,94,0.0,0.0
2021-05-27,124,236,2021-05-27,31,0.0,0.0
2021-05-28,125,49,2021-05-28,14,0.0,0.0
2021-05-29,126,57,2021-05-29,25,0.0,0.0
2021-05-31,129,223,2021-05-31,30,0.0,0.0
2021-06-01,130,34,2021-06-01,25,0.0,0.0
2021-06-02,131,25,2021-06-02,17,0.0,0.0
2021-06-03,132,78,2021-06-03,11,0.0,0.0
2021-06-04,133,134,2021-06-04,14,0.0,0.0
2021-06-05,134,35,2021-06-05,15,0.0,0.0
2021-06-07,137,110,2021-06-07,12,0.0,0.0
2021-06-08,138,1221,2021-06-08,810,0.0,0.0
2021-06-09,139,425,2021-06-09,326,0.0,0.0
2021-06-10,140,112,2021-06-10,89,0.0,0.0
2021-06-11,141,47,2021-06-11,35,0.0,0.0
2021-06-12,142,69,2021-06-12,31,0.0,0.0
2021-06-14,145,48,2021-06-14,22,0.0,0.0
2021-06-15,146,43,2021-06-15,22,0.0,0.0
2021-06-16,147,40,2021-06-16,24,0.0,0.0
2021-06-17,148,61,2021-06-17,22,0.0,0.0
2021-06-18,149,50,2021-06-18,21,0.0,0.0
2021-06-19,150,35,2021-06-19,18,0.0,0.0
2021-06-21,153,152,2021-06-21,131,0.0,0.0
2021-06-22,154,1465,2021-06-22,1307,0.0,0.0
2021-06-23,155,262,2021-06-23,201,0.0,0.0
2021-06-24,156,51,2021-06-24,38,0.0,0.0
2021-06-25,157,28,2021-06-25,19,0.0,0.0
2021-06-26,158,33,2021-06-26,23,0.0,0.0
2021-06-28,161,881,2021-06-28,731,0.0,0.0
2021-06-29,162,544,2021-06-29,461,0.0,0.0
2021-06-30,163,142,2021-06-30,123,0.0,0.0
2021-07-01,164,60,2021-07-01,47,0.0,0.0
2021-07-02,165,112,2021-07-02,31,0.0,0.0
2021-07-03,166,68,2021-07-03,34,0.0,0.0
2021-07-05,169,77,2021-07-05,37,0.0,0.0
2021-07-06,170,33,2021-07-06,25,0.0,0.0
2021-07-07,171,31,2021-07-07,25,0.0,0.0
2021-07-08,172,35,2021-07-08,30,0.0,0.0
2021-07-09,173,128,2021-07-09,104,0.0,0.0
2021-07-10,174,148,2021-07-10,59,0.0,0.0
2021-07-12,177,226,2021-07-12,39,0.0,0.0
2021-07-13,178,1162,2021-07-13,925,0.0,0.0
2021-07-14,179,217,2021-07-14,193,0.0,0.0
2021-07-15,180,88,2021-07-15,62,0.0,0.0
2021-07-16,181,94,2021-07-16,39,0.0,0.0
2021-07-17,182,38,2021-07-17,34,0.0,0.0
2021-07-19,185,489,2021-07-19,286,0.0,0.0
2021-07-20,186,416,2021-07-20,374,0.0,0.0
2021-07-21,187,101,2021-07-21,86,0.0,0.0
2021-07-22,188,26,2021-07-22,21,0.0,0.0
2021-07-23,189,46,2021-07-23,29,0.0,0.0
2021-07-24,190,57,2021-07-24,34,0.0,0.0
2021-07-26,193,2468,2021-07-26,1617,0.0,0.0
2021-07-27,194,851,2021-07-27,559,0.0,0.0
2021-07-28,195,556,2021-07-28,396,0.0,0.0
2021-07-29,196,218,2021-07-29,186,0.0,0.0
2021-07-30,197,102,2021-07-30,56,0.0,0.0
2021-07-31,198,1116,2021-07-31,956,0.0,0.0
2021-08-02,201,198,2021-08-02,146,0.0,0.0
2021-08-03,202,98,2021-08-03,60,0.0,0.0
2021-08-04,203,306,2021-08-04,250,0.0,0.0
2021-08-05,204,230,2021-08-05,189,0.0,0.0
2021-08-06,205,684,2021-08-06,607,0.0,0.0
2021-08-07,206,538,2021-08-07,497,0.0,0.0
2021-08-09,209,675,2021-08-09,538,0.0,0.0
2021-08-10,210,298,2021-08-10,218,0.0,0.0
2021-08-11,211,414,2021-08-11,363,0.0,0.0
2021-08-12,212,279,2021-08-12,166,0.0,0.0
2021-08-13,213,123,2021-08-13,67,0.0,0.0
2021-08-14,214,108,2021-08-14,73,0.0,0.0
2021-08-16,217,117,2021-08-16,70,0.0,0.0
2021-08-17,218,135,2021-08-17,49,0.0,0.0
2021-08-18,219,167,2021-08-18,65,0.0,0.0
2021-08-19,220,734,2021-08-19,615,0.0,0.0
2021-08-20,221,321,2021-08-20,284,0.0,0.0
2021-08-21,222,124,2021-08-21,99,0.0,0.0
2021-08-23,225,676,2021-08-23,537,0.0,0.0
2021-08-24,226,1556,2021-08-24,1368,0.0,0.0
2021-08-25,227,320,2021-08-25,250,0.0,0.0
2021-08-26,228,899,2021-08-26,585,0.0,0.0
2021-08-27,229,1342,2021-08-27,964,0.0,0.0
2021-08-28,230,335,2021-08-28,257,0.0,0.0
2021-08-30,233,521,2021-08-30,440,0.0,0.0
2021-08-31,234,1682,2021-08-31,1418,0.0,0.0
2021-09-01,235,826,2021-09-01,672,0.0,0.0
2021-09-02,236,1808,2021-09-02,1408,0.0,0.0
2021-09-03,237,361,2021-09-03,193,0.0,0.0
2021-09-04,238,133,2021-09-04,98,0.0,0.0
2021-09-06,241,332,2021-09-06,165,0.0,0.0
2021-09-07,242,275,2021-09-07,209,0.0,0.0
2021-09-08,243,116,2021-09-08,57,0.0,0.0
2021-09-09,244,1294,2021-09-09,1021,0.0,0.0
2021-09-10,245,426,2021-09-10,312,0.0,0.0
2021-09-11,246,121,2021-09-11,106,0.0,0.0
2021-09-13,249,30,2021-09-13,25,0.0,0.0
2021-09-14,250,355,2021-09-14,283,0.0,0.0
2021-09-15,251,141,2021-09-15,100,0.0,0.0
2021-09-16,252,464,2021-09-16,367,0.0,0.0
2021-09-17,253,254,2021-09-17,157,0.0,0.0
2021-09-18,254,116,2021-09-18,80,0.0,0.0
2021-09-20,257,72,2021-09-20,35,0.0,0.0
2021-09-21,258,747,2021-09-21,412,0.0,0.0
2021-09-22,259,512,2021-09-22,230,0.0,0.0
2021-09-23,260,626,2021-09-23,237,0.0,0.0
2021-09-24,261,1025,2021-09-24,773,0.0,0.0
2021-09-25,262,123,2021-09-25,115,0.0,0.0
2021-09-27,265,37,2021-09-27,28,0.0,0.0
2021-09-28,266,155,2021-09-28,38,0.0,0.0
2021-09-29,267,137,2021-09-29,84,0.0,0.0
2021-09-30,268,751,2021-09-30,296,0.0,0.0
2021-10-01,269,705,2021-10-01,445,0.0,0.0
2021-10-02,270,363,2021-10-02,261,0.0,0.0
2021-10-04,273,77,2021-10-04,31,0.0,0.0
2021-10-05,274,34,2021-10-05,28,0.0,0.0
2021-10-06,275,710,2021-10-06,596,0.0,0.0
2021-10-07,276,672,2021-10-07,418,0.0,0.0
2021-10-08,277,435,2021-10-08,300,0.0,0.0
2021-10-09,278,210,2021-10-09,84,0.0,0.0
2021-10-11,281,704,2021-10-11,515,0.0,0.0
2021-10-12,282,366,2021-10-12,290,0.0,0.0
2021-10-13,283,161,2021-10-13,122,0.0,0.0
2021-10-14,284,72,2021-10-14,66,0.0,0.0
2021-10-15,285,543,2021-10-15,429,0.0,0.0
2021-10-16,286,267,2021-10-16,211,0.0,0.0
2021-10-18,289,94,2021-10-18,34,0.0,0.0
2021-10-19,290,935,2021-10-19,731,0.0,0.0
2021-10-20,291,256,2021-10-20,215,0.0,0.0
2021-10-21,292,296,2021-10-21,263,0.0,0.0
2021-10-22,293,117,2021-10-22,90,0.0,0.0
2021-10-23,294,80,2021-10-23,66,0.0,0.0
2021-10-25,297,319,2021-10-25,231,0.0,0.0
2021-10-26,298,94,2021-10-26,61,0.0,0.0
2021-10-27,299,1552,2021-10-27,1440,0.0,0.0
2021-10-28,300,850,2021-10-28,643,0.0,0.0
2021-10-29,301,190,2021-10-29,91,0.0,0.0
2021-10-30,302,98,2021-10-30,37,0.0,0.0
2021-11-01,305,536,2021-11-01,360,0.0,0.0
2021-11-02,306,713,2021-11-02,409,0.0,0.0
2021-11-03,307,762,2021-11-03,531,0.0,0.0
2021-11-04,308,357,2021-11-04,283,0.0,0.0
2021-11-05,309,141,2021-11-05,108,0.0,0.0
2021-11-06,310,63,2021-11-06,42,0.0,0.0
2021-11-08,313,498,2021-11-08,426,0.0,0.0
2021-11-09,314,181,2021-11-09,166,0.0,0.0
2021-11-10,315,116,2021-11-10,87,0.0,0.0
2021-11-11,316,360,2021-11-11,286,0.0,0.0
2021-11-12,317,347,2021-11-12,296,0.0,0.0
2021-11-13,318,117,2021-11-13,58,0.0,0.0
2021-11-15,321,822,2021-11-15,443,0.0,0.0
2021-11-16,322,900,2021-11-16,270,0.0,0.0
2021-11-17,323,143,2021-11-17,101,0.0,0.0
2021-11-18,324,303,2021-11-18,32,0.0,0.0
2021-11-19,325,32,2021-11-19,24,0.0,0.0
2021-11-20,326,53,2021-11-20,29,0.0,0.0
2021-11-22,329,395,2021-11-22,329,0.0,0.0
2021-11-23,330,1024,2021-11-23,917,0.0,0.0
2021-11-24,331,180,2021-11-24,145,0.0,0.0
2021-11-25,332,497,2021-11-25,395,0.0,0.0
2021-11-26,333,176,2021-11-26,99,0.0,0.0
2021-11-27,334,50,2021-11-27,46,0.0,0.0
2021-11-29,337,64,2021-11-29,31,0.0,0.0
2021-11-30,338,242,2021-11-30,47,0.0,0.0
2021-12-01,339,1283,2021-12-01,1071,0.0,0.0
2021-12-02,340,321,2021-12-02,254,0.0,0.0
2021-12-03,341,303,2021-12-03,243,0.0,0.0
2021-12-04,342,160,2021-12-04,87,0.0,0.0
2021-12-06,345,245,2021-12-06,123,0.0,0.0
2021-12-07,346,241,2021-12-07,132,0.0,0.0
2021-12-08,347,76,2021-12-08,49,0.0,0.0
2021-12-09,348,76,2021-12-09,48,0.0,0.0
2021-12-10,349,406,2021-12-10,317,0.0,0.0
2021-12-11,350,212,2021-12-11,33,0.0,0.0
2021-12-13,353,388,2021-12-13,302,0.0,0.0
2021-12-14,354,589,2021-12-14,315,0.0,0.0
2021-12-15,355,141,2021-12-15,111,0.0,0.0
2021-12-16,356,1000,2021-12-16,819,0.0,0.0
2021-12-17,357,159,2021-12-17,138,0.0,0.0
2021-12-18,358,69,2021-12-18,56,0.0,0.0
2021-12-20,361,930,2021-12-20,465,0.0,0.0
2021-12-21,362,776,2021-12-21,429,0.0,0.0
2021-12-22,363,476,2021-12-22,232,0.0,0.0
2021-12-23,364,131,2021-12-23,103,0.0,0.0
2021-12-24,365,62,2021-12-24,40,0.0,0.0
2021-12-25,366,73,2021-12-25,34,0.0,0.0
2021-12-27,369,62,2021-12-27,39,0.0,0.0
2021-12-28,370,89,2021-12-28,34,0.0,0.0
2021-12-29,371,31,2021-12-29,21,0.0,0.0
2021-12-30,372,43,2021-12-30,32,0.0,0.0
2021-12-31,373,68,2021-12-31,21,0.0,0.0
2022-01-01,374,57,2022-01-01,26,0.0,0.0
2022-01-03,377,245,2022-01-03,42,0.0,0.0
2022-01-04,378,249,2022-01-04,210,0.0,0.0
2022-01-05,379,66,2022-01-05,27,0.0,0.0
2022-01-06,380,50,2022-01-06,25,0.0,0.0
2022-01-07,381,65,2022-01-07,21,0.0,0.0
2022-01-08,382,102,2022-01-08,34,0.0,0.0
2022-01-10,385,44,2022-01-10,31,0.0,0.0
2022-01-11,386,37,2022-01-11,22,0.0,0.0
2022-01-12,387,770,2022-01-12,639,0.0,0.0
2022-01-13,388,133,2022-01-13,122,0.0,0.0
2022-01-14,389,704,2022-01-14,537,0.0,0.0
2022-01-15,390,225,2022-01-15,142,0.0,0.0
2022-01-17,393,100,2022-01-17,54,0.0,0.0
2022-01-18,394,70,2022-01-18,22,0.0,0.0
2022-01-19,395,1889,2022-01-19,1347,0.0,0.0
2022-01-20,396,704,2022-01-20,483,0.0,0.0
2022-01-21,397,1348,2022-01-21,939,0.0,0.0
2022-01-22,398,1020,2022-01-22,512,0.0,0.0
2022-01-24,401,1341,2022-01-24,1021,0.0,0.0
2022-01-25,402,822,2022-01-25,661,0.0,0.0
2022-01-26,403,383,2022-01-26,298,0.0,0.0
2022-01-27,404,162,2022-01-27,142,0.0,0.0
2022-01-28,405,111,2022-01-28,66,0.0,0.0
2022-01-29,406,54,2022-01-29,45,0.0,0.0
2022-01-31,409,193,2022-01-31,65,0.0,0.0
2022-02-01,410,500,2022-02-01,413,0.0,0.0
2022-02-02,411,266,2022-02-02,229,0.0,0.0
2022-02-03,412,117,2022-02-03,103,0.0,0.0
2022-02-04,413,91,2022-02-04,64,0.0,0.0
2022-02-05,414,101,2022-02-05,46,0.0,0.0
2022-02-07,417,58,2022-02-07,40,0.0,0.0
2022-02-08,418,120,2022-02-08,53,0.0,0.0
2022-02-09,419,142,2022-02-09,56,0.0,0.0
2022-02-10,420,118,2022-02-10,59,0.0,0.0
2022-02-11,421,75,2022-02-11,40,0.0,0.0
2022-02-12,422,92,2022-02-12,63,0.0,0.0
2022-02-14,425,48,2022-02-14,32,0.0,0.0
2022-02-15,426,71,2022-02-15,47,0.0,0.0
2022-02-16,427,58,2022-02-16,49,0.0,0.0
2022-02-17,428,90,2022-02-17,51,0.0,0.0
2022-02-18,429,120,2022-02-18,58,0.0,0.0
2022-02-19,430,126,2022-02-19,101,0.0,0.0
2022-02-21,433,45,2022-02-21,28,0.0,0.0
2022-02-22,434,295,2022-02-22,247,0.0,0.0
2022-02-23,435,100,2022-02-23,88,0.0,0.0
2022-02-24,436,145,2022-02-24,61,0.0,0.0
2022-02-25,437,396,2022-02-25,326,0.0,0.0
2022-02-26,438,315,2022-02-26,258,0.0,0.0
2022-02-28,441,340,2022-02-28,284,0.0,0.0
2022-03-01,442,336,2022-03-01,250,0.0,0.0
2022-03-02,443,197,2022-03-02,127,0.0,0.0
2022-03-03,444,147,2022-03-03,58,0.0,0.0
2022-03-04,445,37,2022-03-04,27,0.0,0.0
2022-03-05,446,578,2022-03-05,303,0.0,0.0
2022-03-07,449,249,2022-03-07,128,0.0,0.0
2022-03-08,450,171,2022-03-08,78,0.0,0.0
2022-03-09,451,234,2022-03-09,108,0.0,0.0
2022-03-10,452,322,2022-03-10,165,0.0,0.0
2022-03-11,453,164,2022-03-11,83,0.0,0.0
2022-03-12,454,441,2022-03-12,380,0.0,0.0
2022-03-14,457,95,2022-03-14,55,0.0,0.0
2022-03-15,458,36,2022-03-15,19,0.0,0.0
2022-03-16,459,399,2022-03-16,336,0.0,0.0
2022-03-17,460,178,2022-03-17,139,0.0,0.0
2022-03-18,461,113,2022-03-18,78,0.0,0.0
2022-03-19,462,70,2022-03-19,45,0.0,0.0
2022-03-21,465,237,2022-03-21,210,0.0,0.0
2022-03-22,466,37,2022-03-22,23,0.0,0.0
2022-03-23,467,595,2022-03-23,465,0.0,0.0
2022-03-24,468,163,2022-03-24,143,0.0,0.0
2022-03-25,469,86,2022-03-25,52,0.0,0.0
2022-03-26,470,98,2022-03-26,34,0.0,0.0
2022-03-28,473,682,2022-03-28,486,0.0,0.0
2022-03-29,474,81,2022-03-29,49,0.0,0.0
2022-03-30,475,44,2022-03-30,30,0.0,0.0
2022-03-31,476,88,2022-03-31,39,0.0,0.0
2022-04-01,477,161,2022-04-01,93,0.0,0.0
2022-04-02,478,70,2022-04-02,41,0.0,0.0
2022-04-04,481,55,2022-04-04,25,0.0,0.0
2022-04-05,482,45,2022-04-05,35,0.0,0.0
2022-04-06,483,32,2022-04-06,23,0.0,0.0
2022-04-07,484,38,2022-04-07,23,0.0,0.0
2022-04-08,485,684,2022-04-08,589,0.0,0.0
2022-04-09,486,148,2022-04-09,125,0.0,0.0
2022-04-11,489,74,2022-04-11,34,0.0,0.0
2022-04-12,490,160,2022-04-12,152,0.0,0.0
2022-04-13,491,53,2022-04-13,38,0.0,0.0
2022-04-14,492,48,2022-04-14,25,0.0,0.0
2022-04-15,493,64,2022-04-15,28,0.0,0.0
2022-04-16,494,75,2022-04-16,40,0.0,0.0
2022-04-18,497,306,2022-04-18,268,0.0,0.0
2022-04-19,498,149,2022-04-19,121,0.0,0.0
2022-04-20,499,126,2022-04-20,105,0.0,0.0
2022-04-21,500,60,2022-04-21,39,0.0,0.0
2022-04-22,501,78,2022-04-22,61,0.0,0.0
2022-04-23,502,56,2022-04-23,42,0.0,0.0
2022-04-25,505,530,2022-04-25,409,0.0,0.0
2022-04-26,506,99,2022-04-26,90,0.0,0.0
2022-04-27,507,55,2022-04-27,44,0.0,0.0
2022-04-28,508,601,2022-04-28,449,0.0,0.0
2022-04-29,509,281,2022-04-29,249,0.0,0.0
2022-04-30,510,106,2022-04-30,101,0.0,0.0
2022-05-02,513,36,2022-05-02,24,0.0,0.0
2022-05-03,514,57,2022-05-03,19,0.0,0.0
2022-05-04,515,26,2022-05-04,24,0.0,0.0
2022-05-05,516,192,2022-05-05,36,0.0,0.0
2022-05-06,517,33,2022-05-06,29,0.0,0.0
2022-05-07,518,47,2022-05-07,33,0.0,0.0
2022-05-09,521,235,2022-05-09,158,0.0,0.0
2022-05-10,522,285,2022-05-10,115,0.0,0.0
2022-05-11,523,81,2022-05-11,65,0.0,0.0
2022-05-12,524,196,2022-05-12,177,0.0,0.0
2022-05-13,525,56,2022-05-13,51,0.0,0.0
2022-05-14,526,50,2022-05-14,38,0.0,0.0
2022-05-16,529,379,2022-05-16,327,0.0,0.0
2022-05-17,530,487,2022-05-17,409,0.0,0.0
2022-05-18,531,584,2022-05-18,360,0.0,0.0
2022-05-19,532,260,2022-05-19,100,0.0,0.0
2022-05-20,533,126,2022-05-20,49,0.0,0.0
2022-05-21,534,43,2022-05-21,29,0.0,0.0
2022-05-23,537,42,2022-05-23,32,0.0,0.0
2022-05-24,538,59,2022-05-24,33,0.0,0.0
2022-05-25,539,32,2022-05-25,24,0.0,0.0
2022-05-26,540,53,2022-05-26,41,0.0,0.0
2022-05-27,541,53,2022-05-27,28,0.0,0.0
2022-05-28,542,375,2022-05-28,308,0.0,0.0
2022-05-30,545,121,2022-05-30,105,0.0,0.0
2022-05-31,546,64,2022-05-31,59,0.0,0.0
2022-06-01,547,38,2022-06-01,25,0.0,0.0
2022-06-02,548,45,2022-06-02,30,0.0,0.0
2022-06-03,549,30,2022-06-03,21,0.0,0.0
2022-06-04,550,58,2022-06-04,32,0.0,0.0
2022-06-06,553,64,2022-06-06,28,0.0,0.0
2022-06-07,554,45,2022-06-07,20,0.0,0.0
2022-06-08,555,158,2022-06-08,30,0.0,0.0
2022-06-09,556,14,2022-06-09,12,0.0,0.0
2022-06-10,557,31,2022-06-10,25,0.0,0.0
2022-06-11,558,28,2022-06-11,24,0.0,0.0
2022-06-13,561,21,2022-06-13,15,0.0,0.0
2022-06-14,562,88,2022-06-14,31,0.0,0.0
2022-06-15,563,57,2022-06-15,29,0.0,0.0
2022-06-16,564,151,2022-06-16,26,0.0,0.0
2022-06-17,565,402,2022-06-17,365,0.0,0.0
2022-06-18,566,235,2022-06-18,133,0.0,0.0
2022-06-20,569,104,2022-06-20,80,0.0,0.0
2022-06-21,570,71,2022-06-21,40,0.0,0.0
2022-06-22,571,99,2022-06-22,31,0.0,0.0
2022-06-23,572,72,2022-06-23,15,0.0,0.0
2022-06-24,573,59,2022-06-24,22,0.0,0.0
2022-06-25,574,53,2022-06-25,22,0.0,0.0
2022-06-27,577,20,2022-06-27,15,0.0,0.0
2022-06-28,578,44,2022-06-28,21,0.0,0.0
2022-06-29,579,283,2022-06-29,251,0.0,0.0
2022-06-30,580,83,2022-06-30,58,0.0,0.0
2022-07-01,581,68,2022-07-01,46,0.0,0.0
2022-07-02,582,43,2022-07-02,27,0.0,0.0
2022-07-04,585,57,2022-07-04,23,0.0,0.0
2022-07-05,586,30,2022-07-05,21,0.0,0.0
2022-07-06,587,312,2022-07-06,254,0.0,0.0
2022-07-07,588,190,2022-07-07,170,0.0,0.0
2022-07-08,589,95,2022-07-08,57,0.0,0.0
2022-07-09,590,97,2022-07-09,31,0.0,0.0
2022-07-11,593,60,2022-07-11,30,0.0,0.0
2022-07-12,594,40,2022-07-12,29,0.0,0.0
2022-07-13,595,74,2022-07-13,28,0.0,0.0
2022-07-14,596,216,2022-07-14,88,0.0,0.0
2022-07-15,597,383,2022-07-15,320,0.0,0.0
2022-07-16,598,122,2022-07-16,107,0.0,0.0
2022-07-18,601,64,2022-07-18,30,0.0,0.0
2022-07-19,602,33,2022-07-19,25,0.0,0.0
2022-07-20,603,43,2022-07-20,19,0.0,0.0
2022-07-21,604,437,2022-07-21,247,0.0,0.0
2022-07-22,605,26,2022-07-22,19,0.0,0.0
2022-07-23,606,48,2022-07-23,18,0.0,0.0
2022-07-25,609,36,2022-07-25,20,0.0,0.0
2022-07-26,610,20,2022-07-26,18,0.0,0.0
2022-07-27,611,66,2022-07-27,25,0.0,0.0
2022-07-28,612,32,2022-07-28,22,0.0,0.0
2022-07-29,613,81,2022-07-29,16,0.0,0.0
2022-07-30,614,39,2022-07-30,20,0.0,0.0
2022-08-01,617,21,2022-08-01,19,0.0,0.0
2022-08-02,618,41,2022-08-02,20,0.0,0.0
2022-08-03,619,34,2022-08-03,22,0.0,0.0
2022-08-04,620,36,2022-08-04,19,0.0,0.0
2022-08-05,621,32,2022-08-05,24,0.0,0.0
2022-08-06,622,48,2022-08-06,24,0.0,0.0
2022-08-08,625,83,2022-08-08,20,0.0,0.0
2022-08-09,626,52,2022-08-09,25,0.0,0.0
2022-08-10,627,116,2022-08-10,23,0.0,0.0
2022-08-11,628,816,2022-08-11,678,0.0,0.0
2022-08-12,629,387,2022-08-12,371,0.0,0.0
2022-08-13,630,194,2022-08-13,184,0.0,0.0
2022-08-15,633,162,2022-08-15,91,0.0,0.0
2022-08-16,634,61,2022-08-16,47,0.0,0.0
2022-08-17,635,89,2022-08-17,38,0.0,0.0
2022-08-18,636,35,2022-08-18,27,0.0,0.0
2022-08-19,637,45,2022-08-19,36,0.0,0.0
2022-08-20,638,19,2022-08-20,14,0.0,0.0
2022-08-22,641,175,2022-08-22,95,0.0,0.0
2022-08-23,642,93,2022-08-23,51,0.0,0.0
2022-08-24,643,47,2022-08-24,23,0.0,0.0
2022-08-25,644,430,2022-08-25,316,0.0,0.0
2022-08-26,645,190,2022-08-26,66,0.0,0.0
2022-08-27,646,116,2022-08-27,50,0.0,0.0
2022-08-29,649,97,2022-08-29,36,0.0,0.0
2022-08-30,650,179,2022-08-30,28,0.0,0.0
2022-08-31,651,53,2022-08-31,20,0.0,0.0
2022-09-01,652,529,2022-09-01,412,0.0,0.0
2022-09-02,653,131,2022-09-02,87,0.0,0.0
2022-09-03,654,78,2022-09-03,60,0.0,0.0
2022-09-05,657,50,2022-09-05,36,0.0,0.0
2022-09-06,658,625,2022-09-06,565,0.0,0.0
2022-09-07,659,671,2022-09-07,527,0.0,0.0
2022-09-08,660,386,2022-09-08,277,0.0,0.0
2022-09-09,661,717,2022-09-09,627,0.0,0.0
2022-09-10,662,121,2022-09-10,101,0.0,0.0
2022-09-12,665,63,2022-09-12,52,0.0,0.0
2022-09-13,666,299,2022-09-13,255,0.0,0.0
2022-09-14,667,121,2022-09-14,67,0.0,0.0
2022-09-15,668,349,2022-09-15,296,0.0,0.0
2022-09-16,669,138,2022-09-16,122,0.0,0.0
2022-09-17,670,87,2022-09-17,76,0.0,0.0
2022-09-19,673,57,2022-09-19,39,0.0,0.0
2022-09-20,674,702,2022-09-20,656,0.0,0.0
2022-09-21,675,158,2022-09-21,127,0.0,0.0
2022-09-22,676,97,2022-09-22,77,0.0,0.0
2022-09-23,677,66,2022-09-23,50,0.0,0.0
2022-09-24,678,221,2022-09-24,122,0.0,0.0
2022-09-26,681,28,2022-09-26,21,0.0,0.0
2022-09-27,682,33,2022-09-27,31,0.0,0.0
2022-09-28,683,54,2022-09-28,26,0.0,0.0
2022-09-29,684,250,2022-09-29,161,0.0,0.0
2022-09-30,685,218,2022-09-30,152,0.0,0.0
2022-10-01,686,80,2022-10-01,58,0.0,0.0
2022-10-03,689,39,2022-10-03,27,0.0,0.0
2022-10-04,690,96,2022-10-04,36,0.0,0.0
2022-10-05,691,59,2022-10-05,25,0.0,0.0
2022-10-06,692,67,2022-10-06,20,0.0,0.0
2022-10-07,693,71,2022-10-07,32,0.0,0.0
2022-10-08,694,40,2022-10-08,19,0.0,0.0
2022-10-10,697,227,2022-10-10,31,0.0,0.0
2022-10-11,698,43,2022-10-11,26,0.0,0.0
2022-10-12,699,1778,2022-10-12,1434,0.0,0.0
2022-10-13,700,1129,2022-10-13,939,0.0,0.0
2022-10-14,701,207,2022-10-14,198,0.0,0.0
2022-10-15,702,137,2022-10-15,114,0.0,0.0
2022-10-17,705,162,2022-10-17,64,0.0,0.0
2022-10-18,706,79,2022-10-18,30,0.0,0.0
2022-10-19,707,455,2022-10-19,307,0.0,0.0
2022-10-20,708,258,2022-10-20,171,0.0,0.0
2022-10-21,709,575,2022-10-21,407,0.0,0.0
2022-10-22,710,789,2022-10-22,557,0.0,0.0
2022-10-24,713,160,2022-10-24,78,0.0,0.0
2022-10-25,714,373,2022-10-25,295,0.0,0.0
2022-10-26,715,1773,2022-10-26,1503,0.0,0.0
2022-10-27,716,655,2022-10-27,521,0.0,0.0
2022-10-28,717,310,2022-10-28,256,0.0,0.0
2022-10-29,718,45,2022-10-29,26,0.0,0.0
2022-10-31,721,60,2022-10-31,33,0.0,0.0
2022-11-01,722,49,2022-11-01,34,0.0,0.0
2022-11-02,723,1557,2022-11-02,1225,0.0,0.0
2022-11-03,724,895,2022-11-03,605,0.0,0.0
2022-11-04,725,299,2022-11-04,190,0.0,0.0
2022-11-05,726,12644,2022-11-05,10299,0.0,0.0
2022-11-07,729,2490,2022-11-07,2164,0.0,0.0
2022-11-08,730,656,2022-11-08,513,0.0,0.0
2022-11-09,731,432,2022-11-09,383,0.0,0.0
2022-11-10,732,255,2022-11-10,202,0.0,0.0
2022-11-11,733,579,2022-11-11,509,0.0,0.0
2022-11-12,734,287,2022-11-12,231,0.0,0.0
2022-11-14,737,974,2022-11-14,948,0.0,0.0
2022-11-15,738,1010,2022-11-15,800,0.0,0.0
2022-11-16,739,430,2022-11-16,379,0.0,0.0
2022-11-17,740,242,2022-11-17,225,0.0,0.0
2022-11-18,741,235,2022-11-18,195,0.0,0.0
2022-11-19,742,157,2022-11-19,132,0.0,0.0
2022-11-21,745,147,2022-11-21,137,0.0,0.0
2022-11-22,746,347,2022-11-22,211,0.0,0.0
2022-11-23,747,184,2022-11-23,173,0.0,0.0
2022-11-24,748,142,2022-11-24,119,0.0,0.0
2022-11-25,749,338,2022-11-25,314,0.0,0.0
2022-11-26,750,222,2022-11-26,193,0.0,0.0
2022-11-28,753,132,2022-11-28,116,0.0,0.0
2022-11-29,754,146,2022-11-29,107,0.0,0.0
2022-11-30,755,198,2022-11-30,195,0.0,0.0
2022-12-01,756,408,2022-12-01,333,0.0,0.0
2022-12-02,757,495,2022-12-02,423,0.0,0.0
2022-12-03,758,253,2022-12-03,223,0.0,0.0
2022-12-05,761,101,2022-12-05,82,0.0,0.0
2022-12-06,762,186,2022-12-06,147,0.0,0.0
2022-12-07,763,213,2022-12-07,173,0.0,0.0
2022-12-08,764,142,2022-12-08,101,0.0,0.0
2022-12-09,765,111,2022-12-09,96,0.0,0.0
2022-12-10,766,99,2022-12-10,56,0.0,0.0
2022-12-12,769,118,2022-12-12,73,0.0,0.0
2022-12-13,770,155,2022-12-13,80,0.0,0.0
2022-12-14,771,81,2022-12-14,73,0.0,0.0
2022-12-15,772,50,2022-12-15,42,0.0,0.0
2022-12-16,773,83,2022-12-16,60,0.0,0.0
2022-12-17,774,85,2022-12-17,47,0.0,0.0
2022-12-19,777,275,2022-12-19,100,0.0,0.0
2022-12-20,778,130,2022-12-20,114,0.0,0.0
2022-12-21,779,97,2022-12-21,81,0.0,0.0
2022-12-22,780,198,2022-12-22,168,0.0,0.0
2022-12-23,781,281,2022-12-23,269,0.0,0.0
2022-12-24,782,161,2022-12-24,128,0.0,0.0
2022-12-26,785,143,2022-12-26,133,0.0,0.0
2022-12-27,786,190,2022-12-27,157,0.0,0.0
2022-12-28,787,137,2022-12-28,97,0.0,0.0
2022-12-29,788,401,2022-12-29,257,0.0,0.0
2022-12-30,789,296,2022-12-30,196,0.0,0.0
2022-12-31,790,87,2022-12-31,86,0.0,0.0
2023-01-02,793,105,2023-01-02,81,0.0,0.0
2023-01-03,794,934,2023-01-03,728,0.0,0.0
2023-01-04,795,588,2023-01-04,448,0.0,0.0
2023-01-05,796,183,2023-01-05,170,0.0,0.0
2023-01-06,797,136,2023-01-06,114,0.0,0.0
2023-01-07,798,78,2023-01-07,68,0.0,0.0
2023-01-09,801,202,2023-01-09,146,0.0,0.0
2023-01-10,802,122,2023-01-10,102,0.0,0.0
2023-01-11,803,221,2023-01-11,93,0.0,0.0
2023-01-12,804,193,2023-01-12,156,0.0,0.0
2023-01-13,805,171,2023-01-13,119,0.0,0.0
2023-01-14,806,99,2023-01-14,80,0.0,0.0
2023-01-16,809,99,2023-01-16,65,0.0,0.0
2023-01-17,810,129,2023-01-17,69,0.0,0.0
2023-01-18,811,82,2023-01-18,62,0.0,0.0
2023-01-19,812,80,2023-01-19,66,0.0,0.0
2023-01-20,813,154,2023-01-20,81,0.0,0.0
2023-01-21,814,138,2023-01-21,111,0.0,0.0
2023-01-23,817,162,2023-01-23,78,0.0,0.0
2023-01-24,818,1436,2023-01-24,1058,0.0,0.0
2023-01-25,819,722,2023-01-25,517,0.0,0.0
2023-01-26,820,227,2023-01-26,208,0.0,0.0
2023-01-27,821,289,2023-01-27,188,0.0,0.0
2023-01-28,822,2781,2023-01-28,2258,0.0,0.0
2023-01-29,823,861,2023-01-29,764,0.0,0.0
2021-01-31,0,9308,2021-01-31,6448,0.0,0.0
2021-02-01,1,8218,2021-02-01,6113,0.0,0.0
2021-02-02,2,7979,2021-02-02,6071,0.0,0.0
2021-02-03,3,5644,2021-02-03,4569,0.0,0.0
2021-02-04,4,2066,2021-02-04,1554,0.0,0.0
2021-02-05,5,1718,2021-02-05,1339,0.0,0.0
2021-02-06,6,1696,2021-02-06,1318,0.0,0.0
2021-02-07,7,3072,2021-02-07,2152,0.0,0.0
2021-02-08,8,3832,2021-02-08,2431,0.0,0.0
2021-02-09,9,3512,2021-02-09,2291,0.0,0.0
2021-02-10,10,3383,2021-02-10,2316,0.0,0.0
2021-02-11,11,3469,2021-02-11,2310,0.0,0.0
2021-02-12,12,4357,2021-02-12,2656,0.0,0.0
2021-02-13,13,4848,2021-02-13,2859,0.0,0.0
2021-02-14,14,3580,2021-02-14,2338,0.0,0.0
2021-02-15,15,2482,2021-02-15,1794,0.0,0.0
2021-02-16,16,2680,2021-02-16,1840,0.0,0.0
2021-02-17,17,2656,2021-02-17,1840,0.0,0.0
2021-02-18,18,2547,2021-02-18,1837,0.0,0.0
2021-02-19,19,1676,2021-02-19,1124,0.0,0.0
2021-02-20,20,1151,2021-02-20,736,0.0,0.0
2021-02-21,21,1034,2021-02-21,639,0.0,0.0
2021-02-22,22,993,2021-02-22,613,0.0,0.0
2021-02-23,23,693,2021-02-23,223,0.0,0.0
2021-02-24,24,695,2021-02-24,199,0.0,0.0
2021-02-25,25,680,2021-02-25,194,0.0,0.0
2021-02-26,26,1839,2021-02-26,1314,0.0,0.0
2021-02-27,27,2023,2021-02-27,1448,0.0,0.0
2021-02-28,28,2076,2021-02-28,1480,0.0,0.0
2021-03-01,29,2067,2021-03-01,1474,0.0,0.0
2021-03-02,30,1747,2021-03-02,1458,0.0,0.0
2021-03-03,31,1704,2021-03-03,1452,0.0,0.0
2021-03-04,32,1763,2021-03-04,1456,0.0,0.0
2021-03-05,33,595,2021-03-05,362,0.0,0.0
2021-03-06,34,667,2021-03-06,202,0.0,0.0
2021-03-07,35,624,2021-03-07,170,0.0,0.0
2021-03-08,36,1640,2021-03-08,1133,0.0,0.0
2021-03-09,37,1958,2021-03-09,1374,0.0,0.0
2021-03-10,38,2861,2021-03-10,1700,0.0,0.0
2021-03-11,39,3064,2021-03-11,1770,0.0,0.0
2021-03-12,40,3671,2021-03-12,2011,0.0,0.0
2021-03-13,41,3586,2021-03-13,2088,0.0,0.0
2021-03-14,42,3620,2021-03-14,2113,0.0,0.0
2021-03-15,43,3811,2021-03-15,2210,0.0,0.0
2021-03-16,44,3706,2021-03-16,2178,0.0,0.0
2021-03-17,45,2934,2021-03-17,1830,0.0,0.0
2021-03-18,46,2678,2021-03-18,1753,0.0,0.0
2021-03-19,47,2180,2021-03-19,1491,0.0,0.0
2021-03-20,48,2063,2021-03-20,1428,0.0,0.0
2021-03-21,49,2001,2021-03-21,1400,0.0,0.0
2021-03-22,50,812,2021-03-22,366,0.0,0.0
2021-03-23,51,599,2021-03-23,217,0.0,0.0
2021-03-24,52,528,2021-03-24,188,0.0,0.0
2021-03-25,53,1411,2021-03-25,928,0.0,0.0
2021-03-26,54,1471,2021-03-26,1051,0.0,0.0
2021-03-27,55,1484,2021-03-27,1081,0.0,0.0
2021-03-28,56,1496,2021-03-28,1071,0.0,0.0
2021-03-29,57,1480,2021-03-29,1053,0.0,0.0
2021-03-30,58,1489,2021-03-30,1054,0.0,0.0
2021-03-31,59,1435,2021-03-31,1046,0.0,0.0
2021-04-01,60,618,2021-04-01,404,0.0,0.0
2021-04-02,61,1304,2021-04-02,990,0.0,0.0
2021-04-03,62,1381,2021-04-03,1088,0.0,0.0
2021-04-04,63,1389,2021-04-04,1107,0.0,0.0
2021-04-05,64,1393,2021-04-05,1107,0.0,0.0
2021-04-06,65,1449,2021-04-06,1098,0.0,0.0
2021-04-07,66,1465,2021-04-07,1102,0.0,0.0
2021-04-08,67,1457,2021-04-08,1088,0.0,0.0
2021-04-09,68,615,2021-04-09,356,0.0,0.0
2021-04-10,69,872,2021-04-10,557,0.0,0.0
2021-04-11,70,869,2021-04-11,553,0.0,0.0
2021-04-12,71,895,2021-04-12,559,0.0,0.0
2021-04-13,72,1347,2021-04-13,915,0.0,0.0
2021-04-14,73,1444,2021-04-14,982,0.0,0.0
2021-04-15,74,1484,2021-04-15,1006,0.0,0.0
2021-04-16,75,1497,2021-04-16,1003,0.0,0.0
2021-04-17,76,1086,2021-04-17,733,0.0,0.0
2021-04-18,77,1100,2021-04-18,728,0.0,0.0
2021-04-19,78,1095,2021-04-19,731,0.0,0.0
2021-04-20,79,1536,2021-04-20,1001,0.0,0.0
2021-04-21,80,2044,2021-04-21,1088,0.0,0.0
2021-04-22,81,2715,2021-04-22,1438,0.0,0.0
2021-04-23,82,4038,2021-04-23,2161,0.0,0.0
2021-04-24,83,4463,2021-04-24,2325,0.0,0.0
2021-04-25,84,4602,2021-04-25,2373,0.0,0.0
2021-04-26,85,4630,2021-04-26,2389,0.0,0.0
2021-04-27,86,3780,2021-04-27,2149,0.0,0.0
2021-04-28,87,3343,2021-04-28,2141,0.0,0.0
2021-04-29,88,4007,2021-04-29,2360,0.0,0.0
2021-04-30,89,2749,2021-04-30,1626,0.0,0.0
2021-05-01,90,2349,2021-05-01,1487,0.0,0.0
2021-05-02,91,2274,2021-05-02,1446,0.0,0.0
2021-05-03,92,5207,2021-05-03,3549,0.0,0.0
2021-05-04,93,5555,2021-05-04,3821,0.0,0.0
2021-05-05,94,5903,2021-05-05,3854,0.0,0.0
2021-05-06,95,6310,2021-05-06,3802,0.0,0.0
2021-05-07,96,6717,2021-05-07,3954,0.0,0.0
2021-05-08,97,6756,2021-05-08,3927,0.0,0.0
2021-05-09,98,6705,2021-05-09,3941,0.0,0.0
2021-05-10,99,3708,2021-05-10,2261,0.0,0.0
2021-05-11,100,3262,2021-05-11,2009,0.0,0.0
2021-05-12,101,2725,2021-05-12,1813,0.0,0.0
2021-05-13,102,947,2021-05-13,565,0.0,0.0
2021-05-14,103,539,2021-05-14,213,0.0,0.0
2021-05-15,104,482,2021-05-15,187,0.0,0.0
2021-05-16,105,1292,2021-05-16,879,0.0,0.0
2021-05-17,106,2595,2021-05-17,1503,0.0,0.0
2021-05-18,107,2985,2021-05-18,1700,0.0,0.0
2021-05-19,108,3076,2021-05-19,1742,0.0,0.0
2021-05-20,109,3992,2021-05-20,2017,0.0,0.0
2021-05-21,110,4104,2021-05-21,2071,0.0,0.0
2021-05-22,111,4131,2021-05-22,2088,0.0,0.0
2021-05-23,112,3321,2021-05-23,1768,0.0,0.0
2021-05-24,113,3490,2021-05-24,1593,0.0,0.0
2021-05-25,114,3687,2021-05-25,1673,0.0,0.0
2021-05-26,115,3667,2021-05-26,1677,0.0,0.0
2021-05-27,116,2880,2021-05-27,1322,0.0,0.0
2021-05-28,117,2692,2021-05-28,1214,0.0,0.0
2021-05-29,118,2672,2021-05-29,1203,0.0,0.0
2021-05-30,119,2642,2021-05-30,1184,0.0,0.0
2021-05-31,120,1355,2021-05-31,651,0.0,0.0
2021-06-01,121,763,2021-06-01,232,0.0,0.0
2021-06-02,122,673,2021-06-02,157,0.0,0.0
2021-06-03,123,515,2021-06-03,139,0.0,0.0
2021-06-04,124,600,2021-06-04,139,0.0,0.0
2021-06-05,125,578,2021-06-05,129,0.0,0.0
2021-06-06,126,557,2021-06-06,122,0.0,0.0
2021-06-07,127,444,2021-06-07,103,0.0,0.0
2021-06-08,128,1631,2021-06-08,883,0.0,0.0
2021-06-09,129,2031,2021-06-09,1095,0.0,0.0
2021-06-10,130,2065,2021-06-10,1161,0.0,0.0
2021-06-11,131,1978,2021-06-11,1173,0.0,0.0
2021-06-12,132,2012,2021-06-12,1182,0.0,0.0
2021-06-13,133,2058,2021-06-13,1198,0.0,0.0
2021-06-14,134,1996,2021-06-14,1212,0.0,0.0
2021-06-15,135,818,2021-06-15,521,0.0,0.0
2021-06-16,136,433,2021-06-16,247,0.0,0.0
2021-06-17,137,382,2021-06-17,180,0.0,0.0
2021-06-18,138,385,2021-06-18,165,0.0,0.0
2021-06-19,139,351,2021-06-19,152,0.0,0.0
2021-06-20,140,668,2021-06-20,465,0.0,0.0
2021-06-21,141,772,2021-06-21,576,0.0,0.0
2021-06-22,142,2194,2021-06-22,1744,0.0,0.0
2021-06-23,143,2416,2021-06-23,1890,0.0,0.0
2021-06-24,144,2406,2021-06-24,1905,0.0,0.0
2021-06-25,145,2384,2021-06-25,1890,0.0,0.0
2021-06-26,146,2382,2021-06-26,1890,0.0,0.0
2021-06-27,147,2016,2021-06-27,1652,0.0,0.0
2021-06-28,148,2745,2021-06-28,1959,0.0,0.0
2021-06-29,149,1824,2021-06-29,1303,0.0,0.0
2021-06-30,150,1704,2021-06-30,1267,0.0,0.0
2021-07-01,151,1713,2021-07-01,1279,0.0,0.0
2021-07-02,152,1797,2021-07-02,1282,0.0,0.0
2021-07-03,153,1832,2021-07-03,1299,0.0,0.0
2021-07-04,154,1875,2021-07-04,1330,0.0,0.0
2021-07-05,155,1071,2021-07-05,750,0.0,0.0
2021-07-06,156,560,2021-07-06,329,0.0,0.0
2021-07-07,157,449,2021-07-07,227,0.0,0.0
2021-07-08,158,424,2021-07-08,209,0.0,0.0
2021-07-09,159,440,2021-07-09,288,0.0,0.0
2021-07-10,160,520,2021-07-10,315,0.0,0.0
2021-07-11,161,503,2021-07-11,309,0.0,0.0
2021-07-12,162,652,2021-07-12,313,0.0,0.0
2021-07-13,163,1781,2021-07-13,1127,0.0,0.0
2021-07-14,164,1967,2021-07-14,1256,0.0,0.0
2021-07-15,165,2020,2021-07-15,1280,0.0,0.0
2021-07-16,166,1986,2021-07-16,1273,0.0,0.0
2021-07-17,167,1876,2021-07-17,1258,0.0,0.0
2021-07-18,168,2058,2021-07-18,1258,0.0,0.0
2021-07-19,169,2321,2021-07-19,1343,0.0,0.0
2021-07-20,170,1575,2021-07-20,849,0.0,0.0
2021-07-21,171,1459,2021-07-21,751,0.0,0.0
2021-07-22,172,1397,2021-07-22,714,0.0,0.0
2021-07-23,173,1349,2021-07-23,700,0.0,0.0
2021-07-24,174,1368,2021-07-24,700,0.0,0.0
2021-07-25,175,1208,2021-07-25,733,0.0,0.0
2021-07-26,176,3187,2021-07-26,2001,0.0,0.0
2021-07-27,177,3622,2021-07-27,2099,0.0,0.0
2021-07-28,178,4077,2021-07-28,2255,0.0,0.0
2021-07-29,179,4269,2021-07-29,2344,0.0,0.0
2021-07-30,180,4325,2021-07-30,2373,0.0,0.0
2021-07-31,181,5384,2021-07-31,2645,0.0,0.0
2021-08-01,182,5633,2021-08-01,2707,0.0,0.0
2021-08-02,183,3363,2021-08-02,1993,0.0,0.0
2021-08-03,184,2610,2021-08-03,1704,0.0,0.0
2021-08-04,185,2360,2021-08-04,1709,0.0,0.0
2021-08-05,186,2372,2021-08-05,1775,0.0,0.0
2021-08-06,187,2954,2021-08-06,2009,0.0,0.0
2021-08-07,188,2376,2021-08-07,1751,0.0,0.0
2021-08-08,189,2178,2021-08-08,1668,0.0,0.0
2021-08-09,190,2655,2021-08-09,1850,0.0,0.0
2021-08-10,191,2855,2021-08-10,1923,0.0,0.0
2021-08-11,192,2963,2021-08-11,2001,0.0,0.0
2021-08-12,193,3012,2021-08-12,1988,0.0,0.0
2021-08-13,194,2451,2021-08-13,1772,0.0,0.0
2021-08-14,195,2021,2021-08-14,1476,0.0,0.0
2021-08-15,196,1988,2021-08-15,1478,0.0,0.0
2021-08-16,197,1430,2021-08-16,1041,0.0,0.0
2021-08-17,198,1267,2021-08-17,864,0.0,0.0
2021-08-18,199,1020,2021-08-18,556,0.0,0.0
2021-08-19,200,1475,2021-08-19,987,0.0,0.0
2021-08-20,201,1673,2021-08-20,1161,0.0,0.0
2021-08-21,202,1689,2021-08-21,1187,0.0,0.0
2021-08-22,203,4328,2021-08-22,2667,0.0,0.0
2021-08-23,204,4887,2021-08-23,2925,0.0,0.0
2021-08-24,205,6308,2021-08-24,3493,0.0,0.0
2021-08-25,206,6461,2021-08-25,3538,0.0,0.0
2021-08-26,207,6626,2021-08-26,3493,0.0,0.0
2021-08-27,208,7647,2021-08-27,3572,0.0,0.0
2021-08-28,209,7858,2021-08-28,3607,0.0,0.0
2021-08-29,210,5251,2021-08-29,2696,0.0,0.0
2021-08-30,211,5096,2021-08-30,2497,0.0,0.0
2021-08-31,212,5222,2021-08-31,2514,0.0,0.0
2021-09-01,213,5728,2021-09-01,2780,0.0,0.0
2021-09-02,214,6637,2021-09-02,3477,0.0,0.0
2021-09-03,215,5656,2021-09-03,3187,0.0,0.0
2021-09-04,216,5454,2021-09-04,3131,0.0,0.0
2021-09-05,217,5682,2021-09-05,3131,0.0,0.0
2021-09-06,218,5493,2021-09-06,3103,0.0,0.0
2021-09-07,219,4086,2021-09-07,2398,0.0,0.0
2021-09-08,220,3376,2021-09-08,2006,0.0,0.0
2021-09-09,221,2862,2021-09-09,1556,0.0,0.0
2021-09-10,222,2927,2021-09-10,1637,0.0,0.0
2021-09-11,223,2915,2021-09-11,1628,0.0,0.0
2021-09-12,224,2619,2021-09-12,1591,0.0,0.0
2021-09-13,225,2317,2021-09-13,1541,0.0,0.0
2021-09-14,226,2397,2021-09-14,1562,0.0,0.0
2021-09-15,227,2422,2021-09-15,1562,0.0,0.0
2021-09-16,228,1592,2021-09-16,992,0.0,0.0
2021-09-17,229,1420,2021-09-17,872,0.0,0.0
2021-09-18,230,1415,2021-09-18,860,0.0,0.0
2021-09-19,231,1407,2021-09-19,855,0.0,0.0
2021-09-20,232,1449,2021-09-20,867,0.0,0.0
2021-09-21,233,1841,2021-09-21,936,0.0,0.0
2021-09-22,234,2212,2021-09-22,1016,0.0,0.0
2021-09-23,235,2374,2021-09-23,936,0.0,0.0
2021-09-24,236,3145,2021-09-24,1328,0.0,0.0
2021-09-25,237,3152,2021-09-25,1349,0.0,0.0
2021-09-26,238,3196,2021-09-26,1370,0.0,0.0
2021-09-27,239,3161,2021-09-27,1360,0.0,0.0
2021-09-28,240,2569,2021-09-28,1236,0.0,0.0
2021-09-29,241,2194,2021-09-29,1166,0.0,0.0
2021-09-30,242,2319,2021-09-30,1147,0.0,0.0
2021-10-01,243,1999,2021-10-01,813,0.0,0.0
2021-10-02,244,2239,2021-10-02,909,0.0,0.0
2021-10-03,245,2257,2021-10-03,917,0.0,0.0
2021-10-04,246,2297,2021-10-04,915,0.0,0.0
2021-10-05,247,2176,2021-10-05,909,0.0,0.0
2021-10-06,248,2749,2021-10-06,1267,0.0,0.0
2021-10-07,249,2670,2021-10-07,1358,0.0,0.0
2021-10-08,250,2400,2021-10-08,1288,0.0,0.0
2021-10-09,251,2247,2021-10-09,1189,0.0,0.0
2021-10-10,252,2390,2021-10-10,1168,0.0,0.0
2021-10-11,253,3017,2021-10-11,1341,0.0,0.0
2021-10-12,254,3349,2021-10-12,1406,0.0,0.0
2021-10-13,255,2800,2021-10-13,1194,0.0,0.0
2021-10-14,256,2200,2021-10-14,1056,0.0,0.0
2021-10-15,257,2308,2021-10-15,1085,0.0,0.0
2021-10-16,258,2365,2021-10-16,1143,0.0,0.0
2021-10-17,259,2204,2021-10-17,1150,0.0,0.0
2021-10-18,260,1594,2021-10-18,951,0.0,0.0
2021-10-19,261,2163,2021-10-19,1305,0.0,0.0
2021-10-20,262,2258,2021-10-20,1362,0.0,0.0
2021-10-21,263,2482,2021-10-21,1422,0.0,0.0
2021-10-22,264,2056,2021-10-22,1247,0.0,0.0
2021-10-23,265,1869,2021-10-23,1168,0.0,0.0
2021-10-24,266,2516,2021-10-24,1418,0.0,0.0
2021-10-25,267,2741,2021-10-25,1499,0.0,0.0
2021-10-26,268,1900,2021-10-26,1096,0.0,0.0
2021-10-27,269,3196,2021-10-27,2107,0.0,0.0
2021-10-28,270,3750,2021-10-28,2491,0.0,0.0
2021-10-29,271,3823,2021-10-29,2518,0.0,0.0
2021-10-30,272,3841,2021-10-30,2511,0.0,0.0
2021-10-31,273,3540,2021-10-31,2437,0.0,0.0
2021-11-01,274,3757,2021-11-01,2484,0.0,0.0
2021-11-02,275,4376,2021-11-02,2652,0.0,0.0
2021-11-03,276,3586,2021-11-03,1860,0.0,0.0
2021-11-04,277,3093,2021-11-04,1495,0.0,0.0
2021-11-05,278,3044,2021-11-05,1493,0.0,0.0
2021-11-06,279,3009,2021-11-06,1512,0.0,0.0
2021-11-07,280,2642,2021-11-07,1347,0.0,0.0
2021-11-08,281,2604,2021-11-08,1366,0.0,0.0
2021-11-09,282,2072,2021-11-09,1242,0.0,0.0
2021-11-10,283,1426,2021-11-10,974,0.0,0.0
2021-11-11,284,1429,2021-11-11,936,0.0,0.0
2021-11-12,285,1635,2021-11-12,1008,0.0,0.0
2021-11-13,286,1689,2021-11-13,1029,0.0,0.0
2021-11-14,287,2042,2021-11-14,1103,0.0,0.0
2021-11-15,288,2366,2021-11-15,1079,0.0,0.0
2021-11-16,289,3085,2021-11-16,1138,0.0,0.0
2021-11-17,290,3112,2021-11-17,1136,0.0,0.0
2021-11-18,291,3055,2021-11-18,1029,0.0,0.0
2021-11-19,292,2740,2021-11-19,903,0.0,0.0
2021-11-20,293,2676,2021-11-20,889,0.0,0.0
2021-11-21,294,2313,2021-11-21,817,0.0,0.0
2021-11-22,295,1886,2021-11-22,703,0.0,0.0
2021-11-23,296,2010,2021-11-23,1358,0.0,0.0
2021-11-24,297,2047,2021-11-24,1426,0.0,0.0
2021-11-25,298,2241,2021-11-25,1569,0.0,0.0
2021-11-26,299,2385,2021-11-26,1610,0.0,0.0
2021-11-27,300,2382,2021-11-27,1610,0.0,0.0
2021-11-28,301,2447,2021-11-28,1621,0.0,0.0
2021-11-29,302,2116,2021-11-29,1418,0.0,0.0
2021-11-30,303,1334,2021-11-30,747,0.0,0.0
2021-12-01,304,2437,2021-12-01,1516,0.0,0.0
2021-12-02,305,2261,2021-12-02,1554,0.0,0.0
2021-12-03,306,2388,2021-12-03,1746,0.0,0.0
2021-12-04,307,2498,2021-12-04,1787,0.0,0.0
2021-12-05,308,2813,2021-12-05,1941,0.0,0.0
2021-12-06,309,2994,2021-12-06,2003,0.0,0.0
2021-12-07,310,2993,2021-12-07,2033,0.0,0.0
2021-12-08,311,1786,2021-12-08,1164,0.0,0.0
2021-12-09,312,1541,2021-12-09,975,0.0,0.0
2021-12-10,313,1644,2021-12-10,992,0.0,0.0
2021-12-11,314,1696,2021-12-11,948,0.0,0.0
2021-12-12,315,1301,2021-12-12,668,0.0,0.0
2021-12-13,316,1444,2021-12-13,785,0.0,0.0
2021-12-14,317,1792,2021-12-14,914,0.0,0.0
2021-12-15,318,1857,2021-12-15,961,0.0,0.0
2021-12-16,319,2781,2021-12-16,1426,0.0,0.0
2021-12-17,320,2534,2021-12-17,1358,0.0,0.0
2021-12-18,321,2391,2021-12-18,1380,0.0,0.0
2021-12-19,322,2397,2021-12-19,1378,0.0,0.0
2021-12-20,323,2939,2021-12-20,1448,0.0,0.0
2021-12-21,324,3126,2021-12-21,1464,0.0,0.0
2021-12-22,325,3461,2021-12-22,1497,0.0,0.0
2021-12-23,326,2592,2021-12-23,1074,0.0,0.0
2021-12-24,327,2495,2021-12-24,1021,0.0,0.0
2021-12-25,328,2499,2021-12-25,1008,0.0,0.0
2021-12-26,329,2500,2021-12-26,995,0.0,0.0
2021-12-27,330,1632,2021-12-27,814,0.0,0.0
2021-12-28,331,945,2021-12-28,481,0.0,0.0
2021-12-29,332,500,2021-12-29,286,0.0,0.0
2021-12-30,333,412,2021-12-30,220,0.0,0.0
2021-12-31,334,418,2021-12-31,200,0.0,0.0
2022-01-01,335,402,2022-01-01,192,0.0,0.0
2022-01-02,336,396,2022-01-02,191,0.0,0.0
2022-01-03,337,579,2022-01-03,191,0.0,0.0
2022-01-04,338,739,2022-01-04,353,0.0,0.0
2022-01-05,339,774,2022-01-05,363,0.0,0.0
2022-01-06,340,781,2022-01-06,356,0.0,0.0
2022-01-07,341,778,2022-01-07,354,0.0,0.0
2022-01-08,342,823,2022-01-08,362,0.0,0.0
2022-01-09,343,865,2022-01-09,372,0.0,0.0
2022-01-10,344,664,2022-01-10,366,0.0,0.0
2022-01-11,345,452,2022-01-11,188,0.0,0.0
2022-01-12,346,1156,2022-01-12,807,0.0,0.0
2022-01-13,347,1239,2022-01-13,889,0.0,0.0
2022-01-14,348,1878,2022-01-14,1093,0.0,0.0
2022-01-15,349,2001,2022-01-15,1150,0.0,0.0
2022-01-16,350,2020,2022-01-16,1178,0.0,0.0
2022-01-17,351,2076,2022-01-17,1196,0.0,0.0
2022-01-18,352,2109,2022-01-18,1191,0.0,0.0
2022-01-19,353,3228,2022-01-19,1835,0.0,0.0
2022-01-20,354,3799,2022-01-20,1980,0.0,0.0
2022-01-21,355,4443,2022-01-21,2213,0.0,0.0
2022-01-22,356,5238,2022-01-22,2357,0.0,0.0
2022-01-23,357,6266,2022-01-23,3028,0.0,0.0
2022-01-24,358,7507,2022-01-24,3607,0.0,0.0
2022-01-25,359,8259,2022-01-25,3913,0.0,0.0
2022-01-26,360,6753,2022-01-26,3289,0.0,0.0
2022-01-27,361,6211,2022-01-27,3187,0.0,0.0
2022-01-28,362,4974,2022-01-28,2715,0.0,0.0
2022-01-29,363,4008,2022-01-29,2566,0.0,0.0
2022-01-30,364,2926,2022-01-30,1860,0.0,0.0
2022-01-31,365,1778,2022-01-31,1168,0.0,0.0
2022-02-01,366,1456,2022-02-01,898,0.0,0.0
2022-02-02,367,1339,2022-02-02,843,0.0,0.0
2022-02-03,368,1294,2022-02-03,814,0.0,0.0
2022-02-04,369,1274,2022-02-04,834,0.0,0.0
2022-02-05,370,1321,2022-02-05,838,0.0,0.0
2022-02-06,371,1353,2022-02-06,849,0.0,0.0
2022-02-07,372,1218,2022-02-07,831,0.0,0.0
2022-02-08,373,838,2022-02-08,556,0.0,0.0
2022-02-09,374,714,2022-02-09,412,0.0,0.0
2022-02-10,375,715,2022-02-10,359,0.0,0.0
2022-02-11,376,699,2022-02-11,330,0.0,0.0
2022-02-12,377,690,2022-02-12,346,0.0,0.0
2022-02-13,378,679,2022-02-13,344,0.0,0.0
2022-02-14,379,669,2022-02-14,341,0.0,0.0
2022-02-15,380,620,2022-02-15,335,0.0,0.0
2022-02-16,381,536,2022-02-16,330,0.0,0.0
2022-02-17,382,508,2022-02-17,320,0.0,0.0
2022-02-18,383,553,2022-02-18,336,0.0,0.0
2022-02-19,384,587,2022-02-19,374,0.0,0.0
2022-02-20,385,586,2022-02-20,359,0.0,0.0
2022-02-21,386,583,2022-02-21,356,0.0,0.0
2022-02-22,387,807,2022-02-22,547,0.0,0.0
2022-02-23,388,849,2022-02-23,580,0.0,0.0
2022-02-24,389,904,2022-02-24,591,0.0,0.0
2022-02-25,390,1180,2022-02-25,726,0.0,0.0
2022-02-26,391,1369,2022-02-26,822,0.0,0.0
2022-02-27,392,1442,2022-02-27,828,0.0,0.0
2022-02-28,393,1737,2022-02-28,907,0.0,0.0
2022-03-01,394,1778,2022-03-01,890,0.0,0.0
2022-03-02,395,1875,2022-03-02,907,0.0,0.0
2022-03-03,396,1877,2022-03-03,914,0.0,0.0
2022-03-04,397,1518,2022-03-04,798,0.0,0.0
2022-03-05,398,1781,2022-03-05,867,0.0,0.0
2022-03-06,399,1986,2022-03-06,948,0.0,0.0
2022-03-07,400,1895,2022-03-07,873,0.0,0.0
2022-03-08,401,1730,2022-03-08,747,0.0,0.0
2022-03-09,402,1767,2022-03-09,679,0.0,0.0
2022-03-10,403,1942,2022-03-10,703,0.0,0.0
2022-03-11,404,2069,2022-03-11,726,0.0,0.0
2022-03-12,405,1932,2022-03-12,819,0.0,0.0
2022-03-13,406,1800,2022-03-13,795,0.0,0.0
2022-03-14,407,1646,2022-03-14,786,0.0,0.0
2022-03-15,408,1511,2022-03-15,744,0.0,0.0
2022-03-16,409,1676,2022-03-16,904,0.0,0.0
2022-03-17,410,1532,2022-03-17,890,0.0,0.0
2022-03-18,411,1481,2022-03-18,915,0.0,0.0
2022-03-19,412,1110,2022-03-19,700,0.0,0.0
2022-03-20,413,938,2022-03-20,667,0.0,0.0
2022-03-21,414,1080,2022-03-21,775,0.0,0.0
2022-03-22,415,1081,2022-03-22,782,0.0,0.0
2022-03-23,416,1277,2022-03-23,864,0.0,0.0
2022-03-24,417,1262,2022-03-24,875,0.0,0.0
2022-03-25,418,1235,2022-03-25,857,0.0,0.0
2022-03-26,419,1263,2022-03-26,840,0.0,0.0
2022-03-27,420,1280,2022-03-27,838,0.0,0.0
2022-03-28,421,1725,2022-03-28,1138,0.0,0.0
2022-03-29,422,1769,2022-03-29,1148,0.0,0.0
2022-03-30,423,1218,2022-03-30,792,0.0,0.0
2022-03-31,424,1143,2022-03-31,703,0.0,0.0
2022-04-01,425,1218,2022-04-01,707,0.0,0.0
2022-04-02,426,1190,2022-04-02,710,0.0,0.0
2022-04-03,427,1190,2022-04-03,717,0.0,0.0
2022-04-04,428,563,2022-04-04,295,0.0,0.0
2022-04-05,429,527,2022-04-05,285,0.0,0.0
2022-04-06,430,515,2022-04-06,276,0.0,0.0
2022-04-07,431,465,2022-04-07,259,0.0,0.0
2022-04-08,432,988,2022-04-08,760,0.0,0.0
2022-04-09,433,1066,2022-04-09,855,0.0,0.0
2022-04-10,434,1085,2022-04-10,878,0.0,0.0
2022-04-11,435,1104,2022-04-11,884,0.0,0.0
2022-04-12,436,1219,2022-04-12,939,0.0,0.0
2022-04-13,437,1240,2022-04-13,951,0.0,0.0
2022-04-14,438,1250,2022-04-14,955,0.0,0.0
2022-04-15,439,630,2022-04-15,438,0.0,0.0
2022-04-16,440,557,2022-04-16,360,0.0,0.0
2022-04-17,441,906,2022-04-17,660,0.0,0.0
2022-04-18,442,1138,2022-04-18,864,0.0,0.0
2022-04-19,443,1127,2022-04-19,870,0.0,0.0
2022-04-20,444,1200,2022-04-20,915,0.0,0.0
2022-04-21,445,1212,2022-04-21,934,0.0,0.0
2022-04-22,446,1226,2022-04-22,974,0.0,0.0
2022-04-23,447,1207,2022-04-23,971,0.0,0.0
2022-04-24,448,821,2022-04-24,649,0.0,0.0
2022-04-25,449,1045,2022-04-25,736,0.0,0.0
2022-04-26,450,995,2022-04-26,710,0.0,0.0
2022-04-27,451,924,2022-04-27,702,0.0,0.0
2022-04-28,452,1465,2022-04-28,942,0.0,0.0
2022-04-29,453,1668,2022-04-29,1038,0.0,0.0
2022-04-30,454,1718,2022-04-30,1059,0.0,0.0
2022-05-01,455,1719,2022-05-01,1056,0.0,0.0
2022-05-02,456,1225,2022-05-02,858,0.0,0.0
2022-05-03,457,1183,2022-05-03,813,0.0,0.0
2022-05-04,458,1154,2022-05-04,801,0.0,0.0
2022-05-05,459,745,2022-05-05,478,0.0,0.0
2022-05-06,460,497,2022-05-06,268,0.0,0.0
2022-05-07,461,438,2022-05-07,200,0.0,0.0
2022-05-08,462,435,2022-05-08,198,0.0,0.0
2022-05-09,463,634,2022-05-09,323,0.0,0.0
2022-05-10,464,862,2022-05-10,383,0.0,0.0
2022-05-11,465,917,2022-05-11,420,0.0,0.0
2022-05-12,466,921,2022-05-12,499,0.0,0.0
2022-05-13,467,944,2022-05-13,511,0.0,0.0
2022-05-14,468,947,2022-05-14,522,0.0,0.0
2022-05-15,469,1071,2022-05-15,565,0.0,0.0
2022-05-16,470,1215,2022-05-16,746,0.0,0.0
2022-05-17,471,1417,2022-05-17,943,0.0,0.0
2022-05-18,472,1920,2022-05-18,1076,0.0,0.0
2022-05-19,473,1984,2022-05-19,1028,0.0,0.0
2022-05-20,474,2054,2022-05-20,1014,0.0,0.0
2022-05-21,475,2047,2022-05-21,1016,0.0,0.0
2022-05-22,476,1905,2022-05-22,967,0.0,0.0
2022-05-23,477,1568,2022-05-23,838,0.0,0.0
2022-05-24,478,1140,2022-05-24,595,0.0,0.0
2022-05-25,479,588,2022-05-25,283,0.0,0.0
2022-05-26,480,381,2022-05-26,226,0.0,0.0
2022-05-27,481,308,2022-05-27,204,0.0,0.0
2022-05-28,482,640,2022-05-28,469,0.0,0.0
2022-05-29,483,843,2022-05-29,604,0.0,0.0
2022-05-30,484,922,2022-05-30,651,0.0,0.0
2022-05-31,485,927,2022-05-31,665,0.0,0.0
2022-06-01,486,933,2022-06-01,664,0.0,0.0
2022-06-02,487,925,2022-06-02,656,0.0,0.0
2022-06-03,488,902,2022-06-03,654,0.0,0.0
2022-06-04,489,585,2022-06-04,422,0.0,0.0
2022-06-05,490,434,2022-06-05,288,0.0,0.0
2022-06-06,491,377,2022-06-06,219,0.0,0.0
2022-06-07,492,358,2022-06-07,181,0.0,0.0
2022-06-08,493,478,2022-06-08,185,0.0,0.0
2022-06-09,494,447,2022-06-09,166,0.0,0.0
2022-06-10,495,448,2022-06-10,170,0.0,0.0
2022-06-11,496,418,2022-06-11,163,0.0,0.0
2022-06-12,497,370,2022-06-12,158,0.0,0.0
2022-06-13,498,327,2022-06-13,147,0.0,0.0
2022-06-14,499,370,2022-06-14,157,0.0,0.0
2022-06-15,500,269,2022-06-15,156,0.0,0.0
2022-06-16,501,406,2022-06-16,170,0.0,0.0
2022-06-17,502,777,2022-06-17,508,0.0,0.0
2022-06-18,503,984,2022-06-18,619,0.0,0.0
2022-06-19,504,1251,2022-06-19,733,0.0,0.0
2022-06-20,505,1334,2022-06-20,769,0.0,0.0
2022-06-21,506,1317,2022-06-21,772,0.0,0.0
2022-06-22,507,1359,2022-06-22,766,0.0,0.0
2022-06-23,508,1280,2022-06-23,751,0.0,0.0
2022-06-24,509,937,2022-06-24,508,0.0,0.0
2022-06-25,510,755,2022-06-25,438,0.0,0.0
2022-06-26,511,492,2022-06-26,223,0.0,0.0
2022-06-27,512,408,2022-06-27,160,0.0,0.0
2022-06-28,513,381,2022-06-28,143,0.0,0.0
2022-06-29,514,565,2022-06-29,365,0.0,0.0
2022-06-30,515,576,2022-06-30,404,0.0,0.0
2022-07-01,516,585,2022-07-01,424,0.0,0.0
2022-07-02,517,575,2022-07-02,423,0.0,0.0
2022-07-03,518,568,2022-07-03,415,0.0,0.0
2022-07-04,519,605,2022-07-04,423,0.0,0.0
2022-07-05,520,591,2022-07-05,420,0.0,0.0
2022-07-06,521,620,2022-07-06,411,0.0,0.0
2022-07-07,522,727,2022-07-07,537,0.0,0.0
2022-07-08,523,754,2022-07-08,551,0.0,0.0
2022-07-09,524,808,2022-07-09,548,0.0,0.0
2022-07-10,525,827,2022-07-10,560,0.0,0.0
2022-07-11,526,830,2022-07-11,572,0.0,0.0
2022-07-12,527,840,2022-07-12,579,0.0,0.0
2022-07-13,528,602,2022-07-13,356,0.0,0.0
2022-07-14,529,628,2022-07-14,272,0.0,0.0
2022-07-15,530,916,2022-07-15,518,1.0,5.0
2022-07-16,531,941,2022-07-16,579,0.0,1.0
2022-07-17,532,978,2022-07-17,609,0.0,2.0
2022-07-18,533,982,2022-07-18,609,0.0,1.0
2022-07-19,534,975,2022-07-19,607,1.0,2.0
2022-07-20,535,944,2022-07-20,596,0.0,0.0
2022-07-21,536,1165,2022-07-21,746,0.0,1.0
2022-07-22,537,808,2022-07-22,490,0.0,4.0
2022-07-23,538,734,2022-07-23,406,0.0,0.0
2022-07-24,539,761,2022-07-24,384,0.0,4.0
2022-07-25,540,733,2022-07-25,377,0.0,0.0
2022-07-26,541,720,2022-07-26,368,0.0,0.0
2022-07-27,542,743,2022-07-27,371,0.0,0.0
2022-07-28,543,338,2022-07-28,144,0.0,0.0
2022-07-29,544,393,2022-07-29,143,0.0,0.0
2022-07-30,545,384,2022-07-30,145,0.0,0.0
2022-07-31,546,292,2022-07-31,127,0.0,1.0
2022-08-01,547,277,2022-08-01,128,0.0,0.0
2022-08-02,548,298,2022-08-02,130,0.0,0.0
2022-08-03,549,266,2022-08-03,129,0.0,1.0
2022-08-04,550,270,2022-08-04,128,0.0,0.0
2022-08-05,551,221,2022-08-05,136,0.0,0.0
2022-08-06,552,230,2022-08-06,140,0.0,0.0
2022-08-07,553,240,2022-08-07,151,0.0,0.0
2022-08-08,554,302,2022-08-08,151,0.0,1.0
2022-08-09,555,313,2022-08-09,156,0.0,1.0
2022-08-10,556,395,2022-08-10,158,0.0,0.0
2022-08-11,557,1175,2022-08-11,813,0.0,18.0
2022-08-12,558,1530,2022-08-12,1150,0.0,7.0
2022-08-13,559,1676,2022-08-13,1316,0.0,1.0
2022-08-14,560,1826,2022-08-14,1398,0.0,0.0
2022-08-15,561,1905,2022-08-15,1460,0.0,0.0
2022-08-16,562,1914,2022-08-16,1474,0.0,0.0
2022-08-17,563,1887,2022-08-17,1501,0.0,0.0
2022-08-18,564,1106,2022-08-18,914,0.0,0.0
2022-08-19,565,764,2022-08-19,584,0.0,0.0
2022-08-20,566,589,2022-08-20,422,0.0,0.0
2022-08-21,567,448,2022-08-21,271,0.0,0.0
2022-08-22,568,461,2022-08-22,270,0.0,1.0
2022-08-23,569,493,2022-08-23,273,0.0,0.0
2022-08-24,570,451,2022-08-24,264,0.0,0.0
2022-08-25,571,846,2022-08-25,507,0.0,8.0
2022-08-26,572,991,2022-08-26,513,0.0,6.0
2022-08-27,573,1088,2022-08-27,546,0.0,0.0
2022-08-28,574,1115,2022-08-28,552,0.0,0.0
2022-08-29,575,1037,2022-08-29,538,0.0,2.0
2022-08-30,576,1123,2022-08-30,525,0.0,1.0
2022-08-31,577,1129,2022-08-31,520,0.0,1.0
2022-09-01,578,1228,2022-09-01,593,0.0,4.0
2022-09-02,579,1169,2022-09-02,615,0.0,0.0
2022-09-03,580,1131,2022-09-03,643,0.0,0.0
2022-09-04,581,1177,2022-09-04,647,0.0,0.0
2022-09-05,582,1130,2022-09-05,645,0.0,1.0
2022-09-06,583,1576,2022-09-06,1073,0.0,14.0
2022-09-07,584,2194,2022-09-07,1353,3.0,14.0
2022-09-08,585,2051,2022-09-08,1273,0.0,5.0
2022-09-09,586,2637,2022-09-09,1840,0.0,3.0
2022-09-10,587,2680,2022-09-10,1865,0.0,1.0
2022-09-11,588,2614,2022-09-11,1857,0.0,0.0
2022-09-12,589,2627,2022-09-12,1855,0.0,0.0
2022-09-13,590,2301,2022-09-13,1606,0.0,4.0
2022-09-14,591,1751,2022-09-14,1297,0.0,0.0
2022-09-15,592,1714,2022-09-15,1292,1.0,10.0
2022-09-16,593,1135,2022-09-16,772,0.0,1.0
2022-09-17,594,1101,2022-09-17,750,1.0,0.0
2022-09-18,595,1125,2022-09-18,763,0.0,0.0
2022-09-19,596,1119,2022-09-19,762,0.0,0.0
2022-09-20,597,1522,2022-09-20,1161,0.0,9.0
2022-09-21,598,1559,2022-09-21,1193,0.0,2.0
2022-09-22,599,1307,2022-09-22,1071,0.0,0.0
2022-09-23,600,1235,2022-09-23,1034,1.0,0.0
2022-09-24,601,1369,2022-09-24,1083,0.0,17.0
2022-09-25,602,1388,2022-09-25,1117,1.0,7.0
2022-09-26,603,1359,2022-09-26,1103,0.0,1.0
2022-09-27,604,690,2022-09-27,485,0.0,0.0
2022-09-28,605,586,2022-09-28,385,0.0,0.0
2022-09-29,606,739,2022-09-29,449,0.0,0.0
2022-09-30,607,891,2022-09-30,509,0.0,1.0
2022-10-01,608,750,2022-10-01,441,0.0,0.0
2022-10-02,609,674,2022-10-02,385,0.0,0.0
2022-10-03,610,685,2022-10-03,395,0.0,0.0
2022-10-04,611,748,2022-10-04,404,0.0,0.0
2022-10-05,612,753,2022-10-05,404,0.0,0.0
2022-10-06,613,570,2022-10-06,329,0.0,0.0
2022-10-07,614,423,2022-10-07,208,0.0,0.0
2022-10-08,615,383,2022-10-08,168,0.0,0.0
2022-10-09,616,409,2022-10-09,175,0.0,0.0
2022-10-10,617,597,2022-10-10,179,0.0,0.0
2022-10-11,618,544,2022-10-11,168,0.0,0.0
2022-10-12,619,2263,2022-10-12,1573,2.0,46.0
2022-10-13,620,3325,2022-10-13,2418,0.0,16.0
2022-10-14,621,3461,2022-10-14,2616,0.0,3.0
2022-10-15,622,3558,2022-10-15,2685,0.0,0.0
2022-10-16,623,3626,2022-10-16,2749,0.0,0.0
2022-10-17,624,3561,2022-10-17,2788,0.0,0.0
2022-10-18,625,3597,2022-10-18,2800,0.0,0.0
2022-10-19,626,2274,2022-10-19,1657,1.0,6.0
2022-10-20,627,1403,2022-10-20,861,0.0,4.0
2022-10-21,628,1771,2022-10-21,940,0.0,13.0
2022-10-22,629,2423,2022-10-22,1171,0.0,13.0
2022-10-23,630,2507,2022-10-23,1169,0.0,1.0
2022-10-24,631,2505,2022-10-24,1164,0.0,3.0
2022-10-25,632,2799,2022-10-25,1309,0.0,12.0
2022-10-26,633,4117,2022-10-26,2467,0.0,32.0
2022-10-27,634,4514,2022-10-27,2784,0.0,4.0
2022-10-28,635,4249,2022-10-28,2780,0.0,5.0
2022-10-29,636,3505,2022-10-29,2521,0.0,0.0
2022-10-30,637,3380,2022-10-30,2477,0.0,0.0
2022-10-31,638,3280,2022-10-31,2484,0.0,0.0
2022-11-01,639,2956,2022-11-01,2258,0.0,3.0
2022-11-02,640,2740,2022-11-02,1902,7.0,69.0
2022-11-03,641,2980,2022-11-03,1872,1.0,41.0
2022-11-04,642,2969,2022-11-04,1865,0.0,11.0
2022-11-05,643,15568,2022-11-05,11713,3.0,1286.0
2022-11-06,644,19696,2022-11-06,14549,0.0,317.0
2022-11-07,645,22126,2022-11-07,16226,4.0,132.0
2022-11-08,646,22733,2022-11-08,16585,1.0,30.0
2022-11-09,647,21608,2022-11-09,16144,0.0,15.0
2022-11-10,648,20968,2022-11-10,15827,0.0,15.0
2022-11-11,649,21248,2022-11-11,16114,0.0,7.0
2022-11-12,650,8891,2022-11-12,7108,0.0,11.0
2022-11-13,651,4970,2022-11-13,3941,0.0,15.0
2022-11-14,652,3454,2022-11-14,2892,0.0,30.0
2022-11-15,653,3808,2022-11-15,2997,0.0,25.0
2022-11-16,654,3806,2022-11-16,3001,0.0,2.0
2022-11-17,655,3793,2022-11-17,3041,0.0,2.0
2022-11-18,656,3449,2022-11-18,2811,0.0,15.0
2022-11-19,657,3319,2022-11-19,2715,0.0,6.0
2022-11-20,658,3145,2022-11-20,2619,0.0,2.0
2022-11-21,659,2318,2022-11-21,1835,0.0,1.0
2022-11-22,660,1655,2022-11-22,1311,0.0,1.0
2022-11-23,661,1409,2022-11-23,1131,0.0,3.0
2022-11-24,662,1309,2022-11-24,1038,0.0,5.0
2022-11-25,663,1412,2022-11-25,1138,0.0,5.0
2022-11-26,664,1477,2022-11-26,1202,0.0,5.0
2022-11-27,665,1589,2022-11-27,1322,0.0,6.0
2022-11-28,666,1574,2022-11-28,1307,0.0,2.0
2022-11-29,667,1373,2022-11-29,1212,0.0,4.0
2022-11-30,668,1387,2022-11-30,1236,0.0,5.0
2022-12-01,669,1653,2022-12-01,1468,2.0,5.0
2022-12-02,670,1810,2022-12-02,1552,0.0,11.0
2022-12-03,671,1841,2022-12-03,1552,0.0,3.0
2022-12-04,672,1906,2022-12-04,1533,1.0,12.0
2022-12-05,673,1875,2022-12-05,1503,0.0,1.0
2022-12-06,674,1915,2022-12-06,1516,0.0,3.0
2022-12-07,675,1930,2022-12-07,1489,0.0,2.0
2022-12-08,676,1664,2022-12-08,1273,0.0,2.0
2022-12-09,677,1280,2022-12-09,966,0.0,1.0
2022-12-10,678,1126,2022-12-10,814,0.0,1.0
2022-12-11,679,1038,2022-12-11,706,0.0,1.0
2022-12-12,680,1055,2022-12-12,693,0.0,1.0
2022-12-13,681,1024,2022-12-13,632,0.0,8.0
2022-12-14,682,892,2022-12-14,542,0.0,0.0
2022-12-15,683,800,2022-12-15,484,0.0,0.0
2022-12-16,684,772,2022-12-16,455,0.0,1.0
2022-12-17,685,758,2022-12-17,443,0.0,2.0
2022-12-18,686,639,2022-12-18,409,0.0,0.0
2022-12-19,687,796,2022-12-19,439,2.0,3.0
2022-12-20,688,771,2022-12-20,459,0.0,6.0
2022-12-21,689,787,2022-12-21,480,0.0,5.0
2022-12-22,690,935,2022-12-22,605,0.0,7.0
2022-12-23,691,1133,2022-12-23,811,1.0,8.0
2022-12-24,692,1209,2022-12-24,886,0.0,4.0
2022-12-25,693,1318,2022-12-25,953,0.0,3.0
2022-12-26,694,1186,2022-12-26,1005,0.0,1.0
2022-12-27,695,1246,2022-12-27,1031,0.0,3.0
2022-12-28,696,1286,2022-12-28,1056,0.0,3.0
2022-12-29,697,1489,2022-12-29,1138,0.0,1.0
2022-12-30,698,1504,2022-12-30,1071,0.0,0.0
2022-12-31,699,1430,2022-12-31,1013,0.0,0.0
2023-01-01,700,1384,2023-01-01,998,0.0,2.0
2023-01-02,701,1346,2023-01-02,939,0.0,3.0
2023-01-03,702,2090,2023-01-03,1470,0.0,23.0
2023-01-04,703,2541,2023-01-04,1668,0.0,15.0
2023-01-05,704,2323,2023-01-05,1621,0.0,8.0
2023-01-06,705,2163,2023-01-06,1560,1.0,2.0
2023-01-07,706,2154,2023-01-07,1547,0.0,0.0
2023-01-08,707,2488,2023-01-08,1664,0.0,10.0
2023-01-09,708,2585,2023-01-09,1679,0.0,2.0
2023-01-10,709,1773,2023-01-10,1294,0.0,2.0
2023-01-11,710,1406,2023-01-11,1000,0.0,2.0
2023-01-12,711,1416,2023-01-12,975,0.0,2.0
2023-01-13,712,1451,2023-01-13,988,0.0,2.0
2023-01-14,713,1472,2023-01-14,995,0.0,0.0
2023-01-15,714,1094,2023-01-15,707,0.0,1.0
2023-01-16,715,991,2023-01-16,651,0.0,1.0
2023-01-17,716,998,2023-01-17,627,0.0,0.0
2023-01-18,717,859,2023-01-18,597,2.0,4.0
2023-01-19,718,746,2023-01-19,504,0.0,1.0
2023-01-20,719,729,2023-01-20,463,0.0,1.0
2023-01-21,720,768,2023-01-21,490,0.0,6.0
